,Local Authority code,Local Authority name,Threatened with homelessness within 56 days-Prevention duty owed,Homeless - Relief duty owed4,Total households with support needs,Total secured accommodation,Homeless (including intentionally homeless),Size_of_social_housing_waiting_list_2021,2021 Total Lettings,A_B_property_counts,C_D_property_counts,E_F_property_counts,G_H_property_counts,median_houses_2020,median_earning_2020,ratio_by_medians_2020,lower_quatile_houses_2020,lower_quatile_earning_2020,ratio_by_lower_quatile_2020
0,E07000223,Adur,17,35,43,2,8,741,11.0,7860,17650,2730,320,315000.0,30072,10.47,262500.0,23956,10.96
1,E07000128,Wyre,80,17,64,41,3,3710,96.0,24030,20330,7960,1160,164500.0,27252,6.04,125000.0,20928,5.97
2,E07000089,Hart,15,14,11,9,1,1468,71.0,2990,18860,15050,4160,415000.0,41491,10.0,325000.0,27829,11.68
3,E07000030,Eden,21,8,29,17,1,1010,96.0,11710,10460,4590,440,195000.0,30707,6.35,142000.0,20904,6.79
4,E08000002,Bury,49,173,126,9,20,1226,290.0,48950,26490,7360,1450,178000.0,32173,5.53,130000.0,22714,5.72
5,E06000014,York,164,61,83,68,42,1738,173.0,38030,40240,11560,1990,247000.0,29065,8.5,196000.0,21287,9.21
6,E07000224,Arun,105,78,95,67,53,1054,122.0,20800,36070,16460,2990,287500.0,28861,9.96,227000.0,20657,10.99
7,E07000119,Fylde,27,37,50,6,3,663,112.0,13800,16630,7900,1770,205000.0,36089,5.68,146000.0,26375,5.54
8,E08000010,Wigan,191,384,318,50,59,8460,274.0,101680,37500,8850,690,147000.0,29872,4.92,105000.0,21951,4.78
9,E06000032,Luton,134,270,265,37,25,12077,251.0,47640,30360,4510,300,251000.0,29467,8.52,210000.0,21870,9.6
10,E07000220,Rugby,18,75,60,9,6,448,92.0,20520,18470,8160,1840,245000.0,32338,7.58,185000.0,22809,8.11
11,E09000005,Brent,-51,-51,..,132,22,24002,319.0,19260,74940,28970,3670,498000.0,34366,14.49,353000.0,23584,14.97
12,E07000129,Blaby,66,35,46,22,16,836,127.0,20320,16680,6100,560,225000.0,35222,6.39,190000.0,24648,7.71
13,E07000063,Lewes,24,45,53,10,4,1090,44.0,10610,23460,9070,2590,320000.0,31031,10.31,257500.0,22953,11.22
14,E07000169,Selby,25,31,30,10,7,629,54.0,17330,14880,7670,1010,210000.0,34079,6.16,160497.5,23724,6.77
15,W06000003,Conwy,,,,,,,,,,,,170000.0,29972,5.67,129000.0,21726,5.94
16,E06000029,Poole,243,313,207,97,55,..,453.0,60460,89450,30790,6880,285000.0,29284,9.73,218000.0,22424,9.72
17,E07000150,Corby,,,,,,1700,132.0,20680,7720,2100,180,192000.0,27844,6.9,155500.0,21686,7.17
18,E06000015,Derby,435,188,482,197,41,7798,452.0,78660,25440,6940,710,170000.0,32181,5.28,127000.0,23023,5.52
19,E08000035,Leeds,726,350,571,616,52,24058,1035.0,217870,104830,32260,7900,192500.0,30274,6.36,140000.0,22470,6.23
20,W06000023,Powys,,,,,,,,,,,,180000.0,28666,6.28,135000.0,21336,6.33
21,E07000108,Dover,95,57,111,41,19,1681,67.0,24000,21410,6810,1600,250000.0,34299,7.29,187000.0,23866,7.84
22,E07000113,Swale,91,138,61,68,18,1213,229.0,26460,28530,8220,1360,249999.0,31177,8.02,197000.0,20643,9.54
23,E07000041,Exeter,144,112,169,58,21,2782,121.0,28180,23550,6340,1010,256500.0,30188,8.5,200000.0,20828,9.6
24,E09000007,Camden,56,142,103,29,14,7062,140.0,15860,46880,31490,17520,800000.0,42528,18.81,526500.0,31758,16.58
25,E09000025,Newham,159,223,30,53,27,31887,127.0,38830,76810,7410,280,400000.0,32942,12.14,335000.0,24179,13.85
26,E07000064,Rother,-51,-51,..,..,..,1825,117.0,12120,19210,11420,2950,310000.0,29084,10.66,225000.0,21672,10.38
27,E06000035,Medway,204,235,92,109,36,3026,381.0,49810,52470,13550,1530,250000.0,33259,7.52,207000.0,23397,8.85
28,E07000114,Thanet,132,97,70,78,30,1607,228.0,35960,25560,5560,810,247725.0,27617,8.97,180000.0,20996,8.57
29,E07000217,Woking,51,22,28,11,9,957,43.0,3710,23070,10370,5880,400000.0,40708,9.83,300000.0,28021,10.71
30,E09000024,Merton,118,47,67,92,30,9125,89.0,9660,51510,18900,5860,485000.0,42049,11.53,382000.0,27970,13.66
31,E07000178,Oxford,57,50,74,18,16,1760,106.0,12830,35360,10300,3900,400000.0,34124,11.72,321802.0,24947,12.9
32,E07000122,Pendle,35,21,32,14,5,1590,174.0,29660,7820,2830,570,113000.0,26613,4.25,72000.0,19775,3.64
33,E09000009,Ealing,332,280,161,202,60,10875,254.0,18550,80660,34140,8040,480000.0,36354,13.2,375000.0,25579,14.66
34,E08000027,Dudley,70,383,212,26,20,2665,691.0,82570,46890,9480,1110,180000.0,30742,5.86,138000.0,22920,6.02
35,E08000015,Wirral,76,176,190,27,20,11706,367.0,92870,40970,12600,3420,165000.0,28977,5.69,118000.0,21080,5.6
36,E06000027,Torbay,54,177,139,38,21,1366,168.0,31430,27390,7670,1380,203250.0,27409,7.42,157000.0,21523,7.29
37,E08000004,Oldham,230,235,269,73,58,5931,208.0,68010,23410,4910,980,139950.0,26357,5.31,100000.0,20472,4.88
38,E07000163,Craven,15,15,20,16,1,544,29.0,10560,10510,5420,1440,229950.0,26192,8.78,161500.0,18634,8.67
39,E07000136,Boston,37,29,33,22,0,3024,95.0,21340,8290,1050,90,167750.0,24219,6.93,129950.0,17978,7.23
40,E08000001,Bolton,178,308,285,68,16,9042,661.0,86670,29310,7930,2110,145000.0,27107,5.35,102500.0,21123,4.85
41,E09000015,Harrow,48,128,99,9,17,1915,52.0,4950,51270,30770,7480,480000.0,38460,12.48,370000.0,26098,14.18
42,E07000187,Mendip,102,60,87,55,15,1636,137.0,20790,20770,9430,2080,266250.0,29573,9.0,209500.0,21325,9.82
43,E09000029,Sutton,97,94,119,63,21,2472,106.0,8840,52410,19730,4010,403500.0,34901,11.56,305000.0,24896,12.25
44,E06000006,Halton,68,184,71,41,9,4249,307.0,39690,13340,4980,390,150000.0,30709,4.88,102500.0,22487,4.56
45,E06000039,Slough,108,79,40,33,37,2005,67.0,12050,36580,6330,350,325000.0,32818,9.9,256000.0,24682,10.37
46,E09000004,Bexley,53,100,73,27,15,6365,211.0,15190,58050,24430,1750,370000.0,39869,9.28,295000.0,27000,10.93
47,E07000090,Havant,56,56,65,25,6,1564,117.0,23080,23380,8300,1010,283000.0,29858,9.48,220000.0,20160,10.91
48,E07000082,Stroud,-51,-51,..,..,..,2825,76.0,20110,20800,10940,2840,272000.0,32059,8.48,213000.0,23644,9.01
49,E07000073,Harlow,34,52,58,11,12,3661,72.0,10860,23800,3860,450,285000.0,27857,10.23,248000.0,20898,11.87
50,E07000133,Melton,-51,-51,..,..,..,581,68.0,10980,7460,3950,1070,214000.0,27398,7.81,170000.0,17382,9.78
51,E09000003,Barnet,241,273,184,142,66,3171,71.0,13970,67760,52600,20680,557500.0,34999,15.93,405000.0,24374,16.62
52,E08000014,Sefton,65,132,123,23,11,5290,431.0,67380,46070,12460,3000,177450.0,30010,5.91,128000.0,21994,5.82
53,E07000074,Maldon,44,18,29,13,3,1023,66.0,6200,13650,7410,1760,320000.0,37380,8.56,260000.0,25197,10.32
54,E07000103,Watford,41,57,39,20,12,928,96.0,4930,27800,5830,1990,375000.0,34604,10.84,300000.0,25678,11.68
55,E07000227,Horsham,60,44,39,42,8,782,148.0,8880,27540,19530,8580,395000.0,34990,11.29,305000.0,23832,12.8
56,E07000222,Warwick,36,67,36,14,7,1832,273.0,17330,31220,13140,4880,307750.0,35029,8.79,240000.0,24263,9.89
57,E07000138,Lincoln,40,115,96,6,21,815,67.0,37030,7470,1820,190,159950.0,29442,5.43,125000.0,20754,6.02
58,E07000202,Ipswich,295,89,75,231,25,3100,338.0,42220,15780,3250,390,200000.0,27833,7.19,161875.0,21671,7.47
59,E09000022,Lambeth,335,402,270,279,34,30864,338.0,38450,74640,26270,6960,550000.0,42000,13.1,415700.0,29617,14.04
60,E07000096,Dacorum,90,68,100,38,18,8274,177.0,9440,35560,14820,5810,390000.0,35134,11.1,306550.0,26230,11.69
61,E07000206,Waveney,,,,,,..,,,,,,,,,,,
62,E07000173,Gedling,37,15,25,24,9,602,110.0,29870,16960,5520,980,193000.0,30019,6.43,147500.0,22617,6.52
63,E09000012,Hackney,196,337,243,82,31,13440,240.0,39880,59560,17300,1280,626000.0,37585,16.66,447000.0,27302,16.37
64,W06000022,Newport,,,,,,,,,,,,175000.0,29611,5.91,133000.0,21031,6.32
65,W06000002,Gwynedd,,,,,,,,,,,,158500.0,27566,5.75,112000.0,20816,5.38
66,E09000010,Enfield,337,346,302,190,50,4572,288.0,17150,71310,30730,6870,415000.0,33161,12.51,335000.0,24476,13.69
67,W06000020,Torfaen,,,,,,,,,,,,158000.0,29006,5.45,116000.0,22329,5.2
68,E07000036,Erewash,41,34,28,23,3,2174,246.0,35770,12970,3200,550,167500.0,29203,5.74,128000.0,21260,6.02
69,E07000065,Wealden,52,31,46,29,17,629,119.0,12310,32170,19110,7920,325000.0,34747,9.35,255000.0,23770,10.73
70,E07000087,Fareham,19,41,30,16,3,1125,69.0,10850,26280,11620,1600,299950.0,32965,9.1,243000.0,25666,9.47
71,E07000010,Fenland,44,103,133,32,13,1405,223.0,29650,13410,2990,200,197000.0,28175,6.99,157500.0,20799,7.57
72,E07000088,Gosport,82,42,58,30,16,701,105.0,19410,14340,3550,350,210000.0,30119,6.97,175000.0,23275,7.52
73,E09000008,Croydon,142,394,9,66,34,5470,422.0,27380,91510,35160,8140,390000.0,37458,10.41,307500.0,25653,11.99
74,E07000148,Norwich,61,39,49,45,2,3436,344.0,51710,12420,3190,680,198000.0,26927,7.35,161000.0,21147,7.61
75,E07000105,Ashford,75,78,98,26,23,1246,67.0,17740,22740,12420,3530,290000.0,30342,9.56,223000.0,22933,9.72
76,E07000123,Preston,88,140,126,46,5,2910,411.0,42480,17000,4670,1010,150000.0,26918,5.57,98000.0,21488,4.56
77,E08000030,Walsall,109,105,116,77,7,14327,609.0,79220,28900,8010,880,158000.0,27896,5.66,120300.0,21338,5.64
78,E07000226,Crawley,71,115,109,41,12,1192,157.0,8750,31110,6100,480,295000.0,31407,9.39,250000.0,25264,9.9
79,E09000006,Bromley,64,152,114,34,20,2408,306.0,12400,66390,47700,15440,455000.0,43142,10.55,340000.0,28880,11.77
80,E06000023,Bristol,100,519,489,45,29,15486,1056.0,128110,58920,14700,3210,280000.0,32604,8.59,224000.0,25456,8.8
81,E08000006,Salford,95,371,86,101,8,5158,360.0,88390,29320,5120,960,177000.0,29439,6.01,136000.0,21094,6.45
82,E07000167,Ryedale,29,30,35,10,8,889,64.0,8900,10700,5690,1290,229950.0,26318,8.74,175500.0,20871,8.41
83,E06000017,Rutland,10,14,12,5,6,446,54.0,6430,5800,4020,1460,304000.0,32577,9.33,210500.0,26530,7.93
84,W06000015,Cardiff,,,,,,,,,,,,215000.0,28194,7.63,163250.0,20858,7.83
85,W06000011,Swansea,,,,,,,,,,,,155000.0,27480,5.64,115000.0,21208,5.42
86,W06000006,Wrexham,,,,,,,,,,,,155000.0,28990,5.35,117000.0,21429,5.46
87,E06000030,Swindon,89,250,205,30,25,4420,510.0,42410,42050,12960,1470,227500.0,31580,7.2,176625.0,23768,7.43
88,E06000055,Bedford,100,162,157,35,18,1220,400.0,29130,31230,13920,3380,281625.0,34778,8.1,221000.0,25242,8.76
89,E07000117,Burnley,41,84,76,22,4,1819,288.0,31150,9140,1600,150,97500.0,25987,3.75,61000.0,19179,3.18
90,E07000051,Purbeck,,,,,,..,,,,,,,,,,,
91,E06000038,Reading,61,166,77,38,27,2825,126.0,22050,41080,9040,1960,300000.0,32878,9.12,250000.0,23373,10.7
92,E07000200,Babergh,44,15,34,20,5,754,140.0,16980,16050,6930,1890,280000.0,31677,8.84,219475.0,20703,10.6
93,E07000007,Wycombe,,,,,,..,,,,,,,,,,,
94,E07000118,Chorley,99,7,47,65,7,1609,180.0,27010,16540,7560,1040,174500.0,31110,5.61,128500.0,21713,5.92
95,E08000034,Kirklees,223,133,272,157,39,10974,195.0,120480,49390,17530,2370,160000.0,29001,5.52,115000.0,21544,5.34
96,E08000011,Knowsley,136,97,139,74,19,2896,315.0,52700,14610,2160,150,150000.0,29807,5.03,108000.0,21639,4.99
97,E08000016,Barnsley,105,111,134,61,12,6161,98.0,83920,23130,5500,740,135000.0,26917,5.02,95000.0,20579,4.62
98,E07000120,Hyndburn,16,19,19,8,2,1611,170.0,27550,8390,1140,180,110000.0,25425,4.33,70000.0,21151,3.31
99,W06000013,Bridgend,,,,,,,,,,,,160000.0,28064,5.7,120000.0,20842,5.76
100,E08000032,Bradford,448,217,298,359,29,14420,863.0,138090,58630,18890,4020,139950.0,27871,5.02,95500.0,20601,4.64
101,E08000029,Solihull,110,104,136,71,24,2828,75.0,26780,39940,20930,6010,287250.0,35056,8.19,205000.0,24014,8.54
102,E07000238,Wychavon,31,66,52,14,6,1242,133.0,18640,21860,14250,4830,280000.0,28652,9.77,213500.0,22917,9.32
103,E09000014,Haringey,315,173,178,252,42,11640,88.0,27470,61400,16500,5430,518750.0,35590,14.58,400000.0,26179,15.28
104,E07000229,Worthing,43,76,95,25,13,1419,108.0,19560,22710,7900,940,292750.0,30100,9.73,217000.0,22642,9.58
105,E09000018,Hounslow,-51,-51,..,..,..,3338,239.0,11790,67590,21930,5060,427000.0,34694,12.31,332010.0,25666,12.94
106,E07000062,Hastings,98,151,146,23,20,1338,135.0,27120,13320,3100,230,230000.0,26336,8.73,177000.0,18949,9.34
107,E07000172,Broxtowe,36,28,36,20,5,2300,126.0,29800,16970,3500,520,192500.0,32083,6.0,154000.0,24795,6.21
108,E09000016,Havering,314,228,204,49,41,2148,194.0,16590,64570,21970,3400,375000.0,35227,10.65,320000.0,27749,11.53
109,E07000066,Basildon,34,133,96,20,13,1595,77.0,25290,39260,12460,2180,305000.0,32783,9.3,243500.0,22040,11.05
110,E09000023,Lewisham,296,233,337,140,63,10088,210.0,44310,73920,10680,1540,430000.0,37235,11.55,340000.0,26388,12.88
111,E07000197,Stafford,19,23,30,13,1,179,166.0,26150,23740,10360,1730,214950.0,31240,6.88,160000.0,22640,7.07
112,E07000033,Bolsover,29,18,11,17,0,1519,145.0,28460,7050,1440,150,135000.0,27706,4.87,100000.0,20318,4.92
113,E07000216,Waverley,36,32,32,17,2,815,56.0,4350,23190,16680,10640,480000.0,41237,11.64,350000.0,27055,12.94
114,E08000026,Coventry,223,432,482,95,85,13338,919.0,104110,34810,7380,1630,185000.0,29102,6.36,147000.0,20685,7.11
115,E07000076,Tendring,81,119,136,52,11,1175,31.0,31240,32710,7330,960,239472.5,28929,8.28,182750.0,22553,8.1
116,E07000107,Dartford,76,44,27,25,20,962,40.0,8520,28270,9920,1150,320000.0,38084,8.4,264995.0,25828,10.26
117,E07000151,Daventry,,,,,,1766,123.0,12450,14380,8110,2610,265000.0,29548,8.97,203000.0,21111,9.62
118,E07000079,Cotswold,25,28,29,5,1,1747,236.0,9040,18840,11500,5370,357500.0,32175,11.11,265500.0,20690,12.83
119,E06000052,Cornwall,560,375,659,226,193,15448,750.0,134830,102650,34460,4590,236000.0,27223,8.67,173000.0,19396,8.92
120,E07000029,Copeland,41,27,48,32,1,1865,170.0,23910,7430,2360,110,130000.0,43463,2.99,83500.0,26519,3.15
121,E06000026,Plymouth,154,281,10,43,45,8062,492.0,80840,33510,6980,670,182500.0,26862,6.79,145000.0,20650,7.02
122,E07000005,Chiltern,,,,,,..,,,,,,,,,,,
123,E08000008,Tameside,112,186,128,54,23,592,588.0,71780,26710,4760,470,153100.0,25643,5.97,122500.0,19982,6.13
124,E07000236,Redditch,49,73,37,19,16,1894,47.0,20000,12320,4650,490,216000.0,26082,8.28,163000.0,20235,8.06
125,E07000199,Tamworth,38,54,45,18,5,451,193.0,21490,9590,2540,120,210000.0,25681,8.18,168000.0,21226,7.91
126,E07000177,Cherwell,50,28,47,29,7,1640,229.0,22090,30700,12600,2970,300000.0,32839,9.14,242000.0,22231,10.89
127,E07000170,Ashfield,30,44,34,8,16,3474,168.0,41400,13060,1970,150,145000.0,26411,5.49,115000.0,20383,5.64
128,E06000034,Thurrock,111,87,63,34,31,7040,274.0,21280,40020,7060,880,290000.0,33242,8.72,239950.0,25641,9.36
129,E08000028,Sandwell,-51,-51,..,..,..,6288,279.0,102320,28640,3460,100,155000.0,26423,5.87,125000.0,20235,6.18
130,E08000005,Rochdale,182,172,231,81,16,6818,531.0,68000,20640,6110,940,145000.0,27444,5.28,105000.0,20137,5.21
131,E07000075,Rochford,29,31,23,19,6,988,78.0,5320,22340,7540,1450,332500.0,33837,9.83,285000.0,24382,11.69
132,E08000009,Trafford,128,110,94,29,46,4156,302.0,41310,42110,12460,5220,290000.0,34599,8.38,210000.0,25051,8.38
133,E07000028,Carlisle,59,50,57,26,6,5541,302.0,34940,14000,4190,430,140000.0,29223,4.79,98000.0,22763,4.31
134,E07000046,Torridge,65,51,83,30,18,1233,60.0,15440,12770,4450,400,225000.0,26854,8.38,169950.0,22187,7.66
135,E07000092,Rushmoor,67,67,79,49,13,1558,140.0,10490,25150,5290,340,300000.0,35361,8.48,235500.0,25005,9.42
136,E08000012,Liverpool,68,199,183,41,10,15648,1316.0,182120,41920,7290,1850,130000.0,30860,4.21,84000.0,21372,3.93
137,E08000036,Wakefield,279,174,282,111,58,25974,720.0,109680,38770,10680,1250,156995.0,26150,6.0,115000.0,20321,5.66
138,E07000188,Sedgemoor,67,105,121,31,21,2731,229.0,26240,20530,8080,1470,220000.0,27682,7.95,165000.0,20455,8.07
139,E07000121,Lancaster,177,122,233,72,9,1736,213.0,39450,19310,6190,930,160000.0,29228,5.47,120000.0,22804,5.26
140,E07000240,St Albans,34,19,31,11,17,538,180.0,4050,26560,22230,9190,545000.0,42744,12.75,400000.0,28958,13.81
141,E07000174,Mansfield,28,39,27,21,6,6899,71.0,37190,10810,2070,220,145000.0,25090,5.78,109950.0,20596,5.34
142,E07000111,Sevenoaks,75,49,73,17,7,838,86.0,5110,23570,13660,9290,415000.0,35277,11.76,310000.0,23011,13.47
143,E08000019,Sheffield,136,579,658,35,36,21615,539.0,188880,48830,13840,3050,168000.0,28369,5.92,124972.5,21444,5.83
144,E08000007,Stockport,207,102,202,130,31,6308,386.0,60290,48040,19450,3650,233500.0,33827,6.9,170000.0,23260,7.31
145,E06000016,Leicester,305,230,213,136,45,5357,364.0,112240,23410,5080,660,182000.0,24644,7.39,148000.0,19189,7.71
146,E07000212,Runnymede,20,25,18,14,6,1157,64.0,3400,19040,10890,4190,415000.0,37451,11.08,327500.0,24155,13.56
147,E07000110,Maidstone,126,86,158,71,7,840,277.0,13650,39370,16250,4730,315000.0,32533,9.68,247500.0,23409,10.57
148,E08000018,Rotherham,117,202,129,66,42,7245,543.0,86710,24920,6520,800,145000.0,27937,5.19,105000.0,20424,5.14
149,E07000215,Tandridge,42,24,19,21,5,1718,17.0,3120,14180,12520,7520,440000.0,37478,11.74,345000.0,24083,14.33
150,E07000194,Lichfield,53,35,48,17,15,1451,284.0,16510,18520,8650,3020,250000.0,37138,6.73,180000.0,23854,7.55
151,E07000243,Stevenage,47,116,95,20,15,1952,22.0,8330,24910,4100,450,275000.0,32627,8.43,243000.0,23859,10.18
152,E09000026,Redbridge,32,184,146,15,21,7582,110.0,16320,59680,27210,3440,430000.0,36975,11.63,325000.0,28107,11.56
153,E07000042,Mid Devon,50,41,51,22,5,1547,59.0,15470,13470,7190,1010,247750.0,27030,9.17,185000.0,21318,8.68
154,E07000098,Hertsmere,42,52,42,7,9,554,101.0,3870,22010,13450,5740,460000.0,35602,12.92,350000.0,25977,13.47
155,E09000028,Southwark,309,420,299,206,26,10013,161.0,49710,61930,27090,5310,529100.0,38266,13.83,400000.0,28082,14.24
156,E06000041,Wokingham,36,42,62,11,8,2086,46.0,5940,31670,26990,7070,420000.0,39551,10.62,320000.0,26554,12.05
157,E07000008,Cambridge,62,95,79,29,16,1997,235.0,15030,30300,9710,3740,430000.0,34827,12.35,330000.0,23975,13.76
158,E07000207,Elmbridge,43,35,43,20,7,1809,54.0,2260,21660,19030,15700,600000.0,42332,14.17,411250.0,28783,14.29
159,E07000086,Eastleigh,61,26,53,42,8,1905,218.0,16800,29860,10970,1170,299995.0,34098,8.8,240000.0,25859,9.28
160,E08000037,Gateshead,310,87,289,143,45,6141,567.0,69300,21210,3430,430,140000.0,26414,5.3,100000.0,20486,4.88
161,E07000144,Broadland,23,35,27,4,9,611,98.0,20300,30840,7440,940,255000.0,32070,7.95,210000.0,23953,8.77
162,E07000109,Gravesham,51,68,32,20,15,1196,46.0,10660,25140,6710,1170,295000.0,30070,9.81,244000.0,21921,11.13
163,E07000068,Brentwood,9,18,17,7,5,724,61.0,3710,15300,10590,4530,450000.0,44185,10.18,345000.0,30161,11.44
164,E09000011,Greenwich,225,327,215,163,41,19132,212.0,32860,69360,16100,2590,440000.0,36675,12.0,338000.0,27790,12.16
165,E07000143,Breckland,60,111,113,10,12,861,174.0,33580,22000,6300,840,220000.0,26613,8.27,175000.0,21956,7.97
166,E07000209,Guildford,61,39,62,32,2,1979,148.0,4840,28590,16790,9240,450000.0,41668,10.8,335000.0,27414,12.22
167,E07000164,Hambleton,25,29,26,8,7,1274,194.0,12640,17170,10770,2690,237725.0,32913,7.22,178000.0,21914,8.12
168,E07000130,Charnwood,-51,-51,..,..,..,1058,177.0,34250,29950,10580,2220,225000.0,30221,7.45,175000.0,21406,8.18
169,E07000165,Harrogate,78,78,96,39,22,1688,241.0,23010,28080,16660,6540,295000.0,33033,8.93,216250.0,22736,9.51
170,E07000026,Allerdale,34,85,97,20,1,2585,303.0,30070,12940,4180,480,162250.0,33335,4.87,105000.0,22638,4.64
171,E09000019,Islington,168,328,135,86,2,14164,204.0,11010,63000,28750,8030,650000.0,47120,13.79,470000.0,31082,15.12
172,E07000153,Kettering,,,,,,918,219.0,26360,13900,4940,750,210000.0,29956,7.01,164972.5,23654,6.97
173,E07000067,Braintree,83,38,65,53,15,2464,337.0,23270,29050,11810,2500,286000.0,33116,8.64,235000.0,23312,10.08
174,E06000054,Wiltshire,220,128,186,134,51,3947,525.0,68480,96220,47990,12470,275000.0,31535,8.72,210000.0,23120,9.08
175,E07000171,Bassetlaw,26,32,43,14,4,3687,228.0,35500,12970,4880,770,168000.0,30273,5.55,122000.0,21311,5.72
176,E07000037,High Peak,103,36,57,48,9,883,83.0,21720,14010,6020,890,195000.0,28474,6.85,149950.0,21965,6.83
177,E08000017,Doncaster,110,293,342,36,47,8104,412.0,107100,24920,6870,1070,136000.0,29178,4.66,100000.0,21788,4.59
178,E07000237,Worcester,85,102,99,58,20,1234,56.0,24020,17280,4970,440,210000.0,27478,7.64,170500.0,21535,7.92
179,E06000009,Blackpool,119,192,265,62,16,5502,317.0,53150,16080,2500,280,118000.0,24393,4.84,88000.0,18594,4.73
180,E06000005,Darlington,64,132,157,19,12,1415,313.0,33820,13020,4520,650,144950.0,27087,5.35,99950.0,19383,5.16
181,E07000071,Colchester,91,76,128,23,8,3016,193.0,32090,36330,12990,2640,272000.0,33090,8.22,210000.0,23556,8.91
182,E07000094,Winchester,31,22,38,22,3,1452,202.0,9880,22650,15580,6480,420000.0,35966,11.68,305000.0,26548,11.49
183,E07000225,Chichester,37,41,31,7,8,1527,176.0,9520,26980,15030,7200,380000.0,30294,12.54,285000.0,22441,12.7
184,E07000078,Cheltenham,39,60,74,16,4,2325,201.0,23160,23360,7910,2250,270000.0,33785,7.99,200000.0,22687,8.82
185,E07000070,Chelmsford,86,117,142,52,26,662,202.0,15270,41200,17100,4640,352865.0,35257,10.01,280000.0,24210,11.57
186,E06000044,Portsmouth,196,263,97,76,49,1052,236.0,58660,28360,5390,720,220000.0,26000,8.46,175000.0,17813,9.82
187,E07000095,Broxbourne,76,42,98,69,21,1586,28.0,4370,23870,10480,2390,367000.0,37649,9.75,297750.0,28473,10.46
188,E07000125,Rossendale,71,12,50,54,2,1559,148.0,21400,7690,2680,490,140000.0,27738,5.05,95000.0,20733,4.58
189,E07000106,Canterbury,49,129,80,23,11,2547,109.0,20880,34280,11630,2350,312750.0,30108,10.39,250000.0,22886,10.92
190,E07000176,Rushcliffe,52,25,45,44,5,608,40.0,16890,20760,11340,2620,280000.0,35633,7.86,210000.0,23849,8.81
191,E08000033,Calderdale,126,52,134,73,19,8220,441.0,62850,23080,8550,1380,147500.0,27846,5.3,104000.0,21148,4.92
192,W06000018,Caerphilly,,,,,,,,,,,,139950.0,28148,4.97,106000.0,21026,5.04
193,E07000040,East Devon,113,33,90,45,9,4914,133.0,20200,29770,17380,4310,282250.0,29012,9.73,218000.0,22018,9.9
194,E07000234,Bromsgrove,28,27,27,11,19,2639,185.0,11190,17120,10850,3250,290000.0,33479,8.66,218000.0,24019,9.08
195,E06000051,Shropshire,44,162,109,25,11,5865,338.0,64470,51680,25610,5030,225000.0,30305,7.42,165000.0,22399,7.37
196,E08000024,Sunderland,124,240,339,51,17,1483,1138.0,99100,26900,4490,710,124950.0,26935,4.64,82500.0,20714,3.98
197,E07000044,South Hams,54,18,31,35,4,1347,164.0,13860,17100,10930,3420,310000.0,31126,9.96,225500.0,22219,10.15
198,E08000025,Birmingham,380,1006,442,103,79,17307,2305.0,291750,122490,30840,6800,185000.0,29030,6.37,145000.0,21000,6.9
199,E08000013,St. Helens,116,71,65,58,14,7225,532.0,56500,22390,5260,620,140000.0,28094,4.98,101000.0,22040,4.58
200,W06000008,Ceredigion,,,,,,,,,,,,183750.0,26282,6.99,136000.0,20552,6.62
201,E06000018,Nottingham,287,412,327,82,88,7862,195.0,114050,23990,3630,850,146500.0,25434,5.76,118000.0,19748,5.98
202,E07000077,Uttlesford,10,28,29,6,0,1337,29.0,5410,16230,12000,5060,410000.0,36515,11.23,315000.0,25203,12.5
203,E07000083,Tewkesbury,48,46,40,30,5,1835,147.0,13350,18220,9030,2210,269995.0,32875,8.21,212000.0,22568,9.39
204,E07000091,New Forest,106,60,151,48,25,1283,148.0,19300,37560,20610,5190,335000.0,34347,9.75,255000.0,23940,10.65
205,E09000032,Wandsworth,28,328,156,21,29,8498,124.0,19010,70980,42090,16910,665000.0,46213,14.39,490000.0,29997,16.33
206,E06000007,Warrington,175,158,267,119,14,4893,304.0,47670,31330,12100,2880,195000.0,29986,6.5,137000.0,20503,6.68
207,E09000017,Hillingdon,235,181,158,94,52,2738,97.0,7430,73110,28640,5690,430000.0,35028,12.28,340000.0,25342,13.42
208,E07000213,Spelthorne,63,44,44,25,8,2802,58.0,2160,24300,14710,2270,402000.0,34645,11.6,330000.0,25967,12.71
209,E06000001,Hartlepool,31,32,47,23,0,2744,343.0,31490,9700,2550,640,128000.0,28954,4.42,81000.0,20863,3.88
210,E07000228,Mid Sussex,62,59,50,29,7,1811,105.0,9220,31430,20120,5160,375000.0,36905,10.16,286000.0,25035,11.42
211,E07000131,Harborough,19,45,38,13,12,482,86.0,13640,14660,10420,2870,289997.5,36718,7.9,222950.0,24544,9.08
212,W06000005,Flintshire,,,,,,,,,,,,165000.0,28535,5.78,129000.0,20400,6.32
213,E08000003,Manchester,635,1009,467,211,200,12893,832.0,176270,52700,8660,1160,187000.0,28709,6.51,141000.0,21184,6.66
214,E07000047,West Devon,27,7,13,24,4,926,78.0,10050,9710,5280,1100,255000.0,27068,9.42,185000.0,21032,8.8
215,E07000061,Eastbourne,32,108,78,25,8,1118,62.0,21890,19570,6640,1210,250000.0,31555,7.92,190000.0,22420,8.47
216,E07000081,Gloucester,125,187,262,28,41,5316,200.0,33760,19820,4600,190,210000.0,27110,7.75,165000.0,20254,8.15
217,E07000203,Mid Suffolk,37,15,36,28,6,587,129.0,18090,17520,8650,1770,260000.0,30644,8.48,207000.0,23255,8.9
218,E07000168,Scarborough,60,95,83,33,28,1973,317.0,31170,20320,5760,710,166000.0,27226,6.1,128000.0,20646,6.2
219,E07000045,Teignbridge,158,38,162,87,16,998,119.0,23300,25850,12220,2130,253000.0,25149,10.06,186750.0,19915,9.38
220,E06000028,Bournemouth,,,,,,..,,,,,,,,,,,
221,E07000006,South Bucks,,,,,,..,,,,,,,,,,,
222,E06000045,Southampton,105,284,298,43,18,6347,599.0,71620,33040,4580,470,220000.0,29993,7.34,171750.0,23171,7.41
223,E07000239,Wyre Forest,57,61,58,27,11,2547,108.0,23120,17760,5220,1380,192000.0,29699,6.46,150000.0,21818,6.88
224,E07000208,Epsom Ewell,21,40,30,4,8,1095,18.0,1410,14510,12430,4240,485000.0,36579,13.26,355000.0,26342,13.48
225,E07000210,Mole Valley,41,20,48,14,9,582,60.0,4330,12480,13380,8730,516500.0,30666,16.84,352500.0,24205,14.56
226,E07000154,Northampton,181,263,218,97,51,2942,251.0,53910,35560,8380,1370,212250.0,27663,7.67,168000.0,21005,8.0
227,E07000052,West Dorset,,,,,,..,,,,,,,,,,,
228,E09000033,Westminster,91,334,171,69,7,3910,165.0,8160,38610,42210,39980,980000.0,43726,22.41,620000.0,31496,19.69
229,E07000049,East Dorset,,,,,,..,,,,,,,,,,,
230,E07000093,Test Valley,51,52,60,16,9,2200,235.0,12610,26110,13680,4310,310000.0,35083,8.84,243000.0,27294,8.9
231,E07000043,North Devon,174,121,235,85,27,2311,117.0,,,,,255000.0,24765,10.3,186500.0,21472,8.69
232,E07000034,Chesterfield,77,67,96,52,5,2252,327.0,37090,10110,2530,240,160000.0,27478,5.82,120000.0,21446,5.6
233,E07000142,West Lindsey,94,54,102,62,11,1624,162.0,24840,13750,5160,600,183000.0,30442,6.01,132997.5,21604,6.16
234,E07000126,South Ribble,103,33,90,62,11,1324,215.0,23290,20750,5840,590,167000.0,29781,5.61,130000.0,21610,6.02
235,E07000137,East Lindsey,123,68,92,82,6,1226,145.0,42340,22510,4800,610,175000.0,26242,6.67,135000.0,19408,6.96
236,E07000214,Surrey Heath,13,22,16,6,7,336,54.0,3020,16200,12670,5690,430000.0,39675,10.84,331000.0,28514,11.61
237,E07000032,Amber Valley,62,27,54,50,3,2035,248.0,35060,17000,5130,1570,175000.0,33015,5.3,135000.0,21814,6.19
238,E07000102,Three Rivers,30,21,26,30,11,1208,103.0,3160,16670,11890,6670,490000.0,37918,12.92,365000.0,26983,13.53
239,W06000004,Denbighshire,,,,,,,,,,,,155000.0,26419,5.87,122500.0,20175,6.07
240,E07000050,North Dorset,,,,,,..,,,,,,,,,,,
241,E07000201,Forest Heath,,,,,,..,,,,,,,,,,,
242,E06000031,Peterborough,127,157,116,48,23,5484,473.0,56940,22990,6610,1070,205000.0,28700,7.14,160000.0,20414,7.84
243,E07000048,Christchurch,,,,,,..,,,,,,,,,,,
244,E07000069,Castle Point,30,21,27,28,2,577,32.0,9540,22420,6290,780,302500.0,33671,8.98,248000.0,24256,10.22
245,E06000002,Middlesbrough,120,162,182,35,6,4884,548.0,44130,16370,3490,590,134000.0,25849,5.18,84995.0,20670,4.11
246,E07000124,Ribble Valley,4,19,16,..,..,964,94.0,9150,10190,6470,2190,231000.0,34688,6.66,166000.0,22816,7.28
247,E07000072,Epping Forest,64,69,64,25,8,1355,49.0,7120,25840,16950,7340,467000.0,36549,12.78,351000.0,24995,14.04
248,E07000166,Richmondshire,18,14,8,3,11,461,80.0,8670,9110,4960,950,200000.0,25007,8.0,155000.0,19786,7.83
249,E06000046,Isle of Wight,124,61,100,46,33,2349,170.0,28810,30960,10330,1660,220000.0,28889,7.62,169000.0,18947,8.92
250,E09000030,Tower Hamlets,278,265,186,150,42,21152,269.0,29400,69390,35900,5520,508250.0,41939,12.12,400000.0,30143,13.27
251,E07000149,South Norfolk,16,35,25,7,5,687,85.0,24540,27290,10430,1640,257995.0,29926,8.62,209000.0,21813,9.58
252,E07000140,South Holland,27,65,50,15,6,447,157.0,25190,14530,2330,130,191995.0,30628,6.27,154500.0,22059,7.0
253,E06000047,County Durham,-51,-51,..,..,..,10153,941.0,178790,53360,14890,2480,117000.0,28002,4.18,70000.0,20177,3.47
254,E07000135,Oadby Wigston,8,17,13,3,3,581,46.0,10260,10250,2530,560,231500.0,33659,6.88,180000.0,21079,8.54
255,W06000019,Blaenau Gwent,,,,,,,,,,,,92000.0,25936,3.55,70000.0,20512,3.41
256,E08000031,Wolverhampton,223,362,167,67,48,9256,476.0,81570,24260,4780,1110,159995.0,25706,6.22,123000.0,19651,6.26
257,E07000147,North Norfolk,33,44,37,7,9,2901,36.0,26400,20710,7300,1140,260000.0,27278,9.53,190000.0,21736,8.74
258,E07000235,Malvern Hills,13,42,30,7,5,566,38.0,11380,13790,9070,2570,267750.0,30875,8.67,209975.0,21606,9.72
259,E06000049,Cheshire East,194,132,219,146,9,5052,640.0,68500,62610,36150,14550,235000.0,32601,7.21,163250.0,23908,6.83
260,E06000042,Milton Keynes,97,219,154,14,31,2167,223.0,50420,44600,18290,3170,297250.0,32847,9.05,222500.0,24075,9.24
261,E06000043,Brighton Hove,45,211,182,26,21,6891,250.0,58010,54280,15970,2980,365000.0,33649,10.85,279000.0,24972,11.17
262,E07000192,Cannock Chase,40,20,24,14,1,964,79.0,28150,13750,2580,300,180000.0,27847,6.46,139950.0,21040,6.65
263,W06000021,Monmouthshire,,,,,,,,,,,,260000.0,34589,7.52,202500.0,23752,8.53
264,W06000009,Pembrokeshire,,,,,,,,,,,,180000.0,27309,6.59,130000.0,20421,6.37
265,E06000037,West Berkshire,62,46,60,47,10,453,196.0,9360,37370,17460,5370,340000.0,35147,9.67,270000.0,24076,11.21
266,E06000020,Telford Wrekin,85,108,82,51,8,0,159.0,48260,22230,7470,1160,178000.0,27670,6.43,132500.0,22402,5.91
267,E06000021,Stoke-on-Trent,134,205,135,80,6,1264,953.0,95090,20490,2390,220,123000.0,26976,4.56,85500.0,20849,4.1
268,E07000204,St Edmundsbury,,,,,,..,,,,,,,,,,,
269,E09000031,Waltham Forest,204,277,157,71,97,8580,126.0,36100,60560,10160,460,465000.0,37592,12.37,375000.0,27168,13.8
270,E07000156,Wellingborough,,,,,,589,189.0,21200,11020,3130,590,215000.0,25629,8.39,170000.0,19879,8.55
271,E07000004,Aylesbury Vale,,,,,,..,,,,,,,,,,,
272,E08000023,South Tyneside,130,142,133,93,7,1917,109.0,56140,13320,2530,370,133000.0,26840,4.96,92000.0,20138,4.57
273,E09000001,City of London,0,2,1,0,0,903,1.0,300,1540,4150,1540,782000.0,62700,16.55,550000.0,30614,17.51
274,E07000085,East Hampshire,49,23,30,38,5,1421,180.0,9040,24480,15660,5650,370000.0,35196,10.51,289000.0,25664,11.26
275,E07000080,Forest of Dean,58,16,48,15,14,2325,36.0,17000,14570,6480,1080,233997.5,31041,7.54,175000.0,23202,7.54
276,E07000145,Great Yarmouth,73,93,69,48,6,754,159.0,32840,12990,2550,280,185000.0,27804,6.65,140000.0,21486,6.52
277,E07000139,North Kesteven,6,56,11,15,2,2060,137.0,26970,20190,5100,480,200997.5,30602,6.57,160000.0,24228,6.6
278,E06000024,North Somerset,160,75,123,69,28,2306,234.0,35020,40420,19240,3610,266000.0,34591,7.69,195000.0,22985,8.48
279,E08000022,North Tyneside,137,105,93,41,25,2302,322.0,66220,27740,5640,400,170000.0,28938,5.87,120000.0,22465,5.34
280,E06000057,Northumberland,93,81,109,60,10,8759,283.0,95740,37830,18350,4880,164000.0,29445,5.57,111500.0,21653,5.15
281,W06000024,Merthyr Tydfil,,,,,,,,,,,,117000.0,25948,4.51,80500.0,21047,3.82
282,E07000189,South Somerset,50,75,61,15,16,1900,368.0,33720,28310,14850,2090,229725.0,29862,7.69,175000.0,22800,7.68
283,E07000031,South Lakeland,138,58,67,114,2,4539,104.0,16030,22320,12300,3120,245000.0,29435,8.32,172000.0,20199,8.52
284,E07000141,South Kesteven,50,116,123,16,14,1376,238.0,34600,20800,8820,1180,216995.0,27269,7.96,164000.0,20855,7.86
285,E07000241,Welwyn Hatfield,149,101,134,60,36,2876,247.0,6690,28230,9910,4600,382500.0,33413,11.45,305000.0,24228,12.59
286,E06000033,Southend-on-Sea,119,132,65,59,23,1123,92.0,32970,37280,10400,1720,293500.0,33091,8.87,225000.0,24065,9.35
287,E07000116,Tunbridge Wells,81,38,35,19,12,897,152.0,8810,24280,11610,5900,390000.0,42601,9.15,285000.0,24443,11.66
288,E07000175,Newark Sherwood,16,46,24,9,3,4181,146.0,32240,15200,6960,1580,180000.0,30679,5.87,130500.0,21355,6.11
289,E07000127,West Lancashire,8,24,24,5,4,941,186.0,23950,17380,7580,1740,184950.0,29833,6.2,137000.0,21364,6.41
290,E07000011,Huntingdonshire,135,74,149,81,35,2458,243.0,33040,30840,13590,2060,280000.0,31150,8.99,215000.0,24150,8.9
291,W06000010,Carmarthenshire,,,,,,,,,,,,145000.0,29054,4.99,107000.0,22772,4.7
292,E06000053,Isles of Scilly,0,0,0,0,0,..,0.0,40,350,610,150,297500.0,28400,16.96,255000.0,28400,16.96
293,E07000205,Suffolk Coastal,,,,,,..,,,,,,,,,,,
294,E06000036,Bracknell Forest,110,43,117,63,20,1347,206.0,6780,29100,13420,2760,345000.0,35445,9.73,275000.0,24644,11.16
295,E06000003,Redcar Cleveland,60,58,65,29,7,2926,491.0,40330,20130,4420,430,132500.0,26912,4.92,94995.0,20424,4.65
296,E06000004,Stockton-on-Tees,416,154,537,265,9,4653,551.0,52290,26150,8740,1530,148000.0,29495,5.02,106400.0,21755,4.89
297,E07000211,Reigate Banstead,63,41,78,51,6,884,49.0,5170,30200,18640,8510,425000.0,40229,10.56,315000.0,28646,11.0
298,W06000001,Isle of Anglesey,,,,,,,,,,,,185000.0,26887,6.88,129000.0,21018,6.14
299,E07000035,Derbyshire Dales,47,8,27,43,3,1000,40.0,10980,13250,8230,2240,265000.0,33163,7.99,190000.0,21912,8.67
300,E07000112,Folkestone Hythe,30,66,28,14,14,1170,80.0,19800,22450,7840,1980,265000.0,31690,8.36,200000.0,22098,9.05
301,E07000181,West Oxfordshire,35,41,40,9,5,2839,120.0,7420,28480,11750,3230,345000.0,33113,10.42,270000.0,24742,10.91
302,E07000039,South Derbyshire,18,36,28,17,1,853,133.0,22540,16200,7150,1050,205000.0,34642,5.92,155000.0,25228,6.14
303,E09000002,Barking Dagenham,219,112,95,89,36,5585,187.0,18060,56730,2120,60,320000.0,33241,9.63,285000.0,26069,10.93
304,E07000221,Stratford-on-Avon,65,68,90,41,9,5216,324.0,11970,27760,16080,6540,315000.0,33352,9.44,235000.0,23318,10.08
305,E07000179,South Oxfordshire,83,10,55,66,2,2779,163.0,7830,31960,16730,6910,390000.0,38602,10.1,307500.0,28325,10.86
306,E07000027,Barrow-in-Furness,32,32,58,25,3,1406,96.0,25400,7150,1290,80,126000.0,35139,3.59,85000.0,22727,3.74
307,E07000219,Nuneaton Bedworth,65,126,141,30,16,1908,210.0,33950,20690,3560,210,185000.0,28807,6.42,140500.0,21409,6.56
308,E07000084,Basingstoke Deane,51,27,54,32,4,4922,359.0,14990,42140,17510,3820,315000.0,37518,8.4,250000.0,25296,9.88
309,E07000115,Tonbridge Malling,16,41,36,1,8,1171,97.0,5790,29750,14670,5300,350000.0,35997,9.72,275000.0,27195,10.11
310,E07000053,Weymouth Portland,,,,,,..,,,,,,,,,,,
311,W06000016,Rhondda Cynon Taf,,,,,,,,,,,,115000.0,27846,4.13,80000.0,20858,3.84
312,W06000012,Neath Port Talbot,,,,,,,,,,,,122500.0,27116,4.52,89992.5,21151,4.25
313,E07000132,Hinckley Bosworth,-51,-51,..,..,..,717,114.0,24570,18500,6650,1130,205000.0,29514,6.95,165000.0,23558,7.0
314,E07000193,East Staffordshire,16,48,12,3,0,3735,183.0,29630,15180,7150,1320,195500.0,29037,6.73,140000.0,22652,6.18
315,E07000242,East Hertfordshire,53,71,53,41,8,2174,190.0,6960,32090,18930,6490,410000.0,40422,10.14,320000.0,28223,11.34
316,E09000013,Hammersmith Fulham,110,158,43,60,20,1957,104.0,10730,39420,26890,14470,765000.0,41262,18.54,500000.0,30044,16.64
317,E06000040,Windsor Maidenhead,61,60,48,21,16,970,73.0,5970,26310,21700,11610,499475.0,43487,11.49,375000.0,29388,12.76
318,W06000014,Vale of Glamorgan ,,,,,,,,,,,,227000.0,28869,7.86,161310.0,20061,8.04
319,E09000020,Kensington Chelsea,79,170,0,43,32,3192,247.0,5190,23570,25540,35080,1265000.0,46568,27.16,740000.0,28084,26.35
320,E07000218,North Warwickshire,14,12,15,4,6,330,103.0,14040,10170,3760,820,210000.0,31392,6.69,157500.0,22990,6.85
321,E06000010,Kingston upon Hull,318,471,261,140,19,6469,1234.0,105840,15410,1700,100,118500.0,25489,4.65,89000.0,19999,4.45
322,E06000013,North Lincolnshire,103,52,69,46,8,4189,454.0,51450,18970,5460,560,145000.0,28998,5.0,110000.0,20780,5.29
323,E07000196,South Staffordshire,9,3,1,3,3,667,196.0,17570,18680,8860,2660,235000.0,35980,6.53,180950.0,26526,6.82
324,E07000099,North Hertfordshire,46,75,65,25,14,2766,121.0,12490,30260,11930,3780,360000.0,39748,9.06,277000.0,28123,9.85
325,E08000021,Newcastle upon Tyne,156,345,61,60,7,5710,1014.0,97750,28870,7350,1910,165000.0,28957,5.7,112500.0,21183,5.31
326,E07000009,East Cambridgeshire,65,30,66,25,9,1002,208.0,16040,14900,6910,840,300000.0,32743,9.16,230000.0,25116,9.16
327,E07000180,Vale of White Horse,80,16,60,59,8,2456,298.0,7980,31260,15760,4980,345000.0,37126,9.29,275000.0,25031,10.99
328,E07000195,Newcastle-under-Lyme,47,57,36,20,6,1269,169.0,35120,16250,4570,1000,152500.0,29849,5.11,113000.0,21739,5.2
329,E07000012,South Cambridgeshire,46,77,54,34,9,1763,239.0,10410,34350,19530,4960,375000.0,38726,9.68,285500.0,26946,10.6
330,E09000021,Kingston upon Thames,41,37,40,16,26,2812,143.0,4090,35900,23340,5250,492000.0,41264,11.92,377000.0,30795,12.24
331,E09000027,Richmond upon Thames,21,67,37,15,19,4893,101.0,2760,34110,31860,16460,675000.0,50006,13.5,475000.0,33458,14.2
332,E06000056,Central Bedfordshire,155,106,159,91,28,1789,533.0,34890,59060,25740,5590,312000.0,36133,8.63,245500.0,25875,9.49
333,E07000152,East Northamptonshire,,,,,,1322,147.0,20830,12290,6720,1640,226995.0,32170,7.06,180000.0,25821,6.97
334,E07000246,Somerset West Taunton,-51,-51,..,..,..,3342,379.0,31540,26530,13370,2450,234000.0,29342,7.97,180000.0,21903,8.22
335,E06000008,Blackburn with Darwen,200,40,117,132,1,3939,456.0,45220,13160,3060,650,120000.0,24579,4.88,84000.0,19591,4.29
336,E06000050,Cheshire West Chester,156,242,335,73,41,7434,568.0,72700,53610,26740,8400,210000.0,31368,6.69,147500.0,22305,6.61
337,E07000038,North East Derbyshire,41,31,42,23,2,2360,188.0,28420,12900,4690,940,197250.0,28290,6.97,140000.0,21695,6.45
338,E06000025,South Gloucestershire,135,65,119,125,8,4059,454.0,49590,51430,18970,2240,283000.0,31875,8.88,227950.0,23746,9.6
339,E07000155,South Northamptonshire,,,,,,134,107.0,11110,16990,10500,2660,310000.0,31806,9.75,245000.0,25063,9.78
340,E07000198,Staffordshire Moorlands,35,14,25,12,1,680,96.0,20240,16930,6360,800,180000.0,29301,6.14,137500.0,20052,6.86
341,E06000012,North East Lincolnshire,185,194,227,78,21,3982,460.0,56230,14120,3050,550,135000.0,28767,4.69,95000.0,19722,4.82
342,E07000146,King's Lynn West Norfolk,38,79,83,23,7,1093,202.0,42060,23380,7670,1240,225000.0,30940,7.27,175000.0,21080,8.3
343,E06000022,Bath North East Somerset,45,40,61,37,20,4871,355.0,28420,35170,15880,5480,325000.0,30438,10.68,250000.0,23817,10.5
344,E06000019,"Herefordshire, County of",159,145,219,50,51,872,157.0,33550,30400,19240,3840,242500.0,28468,8.52,182000.0,21308,8.54
345,E06000011,East Riding of Yorkshire,68,105,115,19,32,5927,303.0,76650,55540,23290,3580,187500.0,31592,5.94,140000.0,22207,6.3
346,E07000134,North West Leicestershire,38,60,53,9,1,1103,205.0,24280,14490,6510,990,222500.0,29928,7.43,168500.0,22360,7.54
